SET IDENTITY_INSERT [dbo].[Product] ON
INSERT INTO [dbo].[Product] ([ProductId], [ProductName], [CategoryId], [ListPrice], [Quantity], [ImageName]) VALUES (2, N'Exhaust', 1, CAST(1000.00 AS Decimal(18, 2)), 1, N'bmw performance244942087.jpg')
INSERT INTO [dbo].[Product] ([ProductId], [ProductName], [CategoryId], [ListPrice], [Quantity], [ImageName]) VALUES (3, N'Wheels', 4, CAST(600.00 AS Decimal(18, 2)), 4, N'bmw-m4-2968729242812058.jpg')
INSERT INTO [dbo].[Product] ([ProductId], [ProductName], [CategoryId], [ListPrice], [Quantity], [ImageName]) VALUES (4, N'Titanium Exhaust system', 1, CAST(1999.00 AS Decimal(18, 2)), 5, N'Titanium Exhaust240206172.png')
INSERT INTO [dbo].[Product] ([ProductId], [ProductName], [CategoryId], [ListPrice], [Quantity], [ImageName]) VALUES (5, N'Downpipes', 1, CAST(599.00 AS Decimal(18, 2)), 10, N'Downpipes240243833.png')
INSERT INTO [dbo].[Product] ([ProductId], [ProductName], [CategoryId], [ListPrice], [Quantity], [ImageName]) VALUES (6, N'17T - 19T Turbos', 1, CAST(1299.00 AS Decimal(18, 2)), 8, N'Turbos240326219.png')
INSERT INTO [dbo].[Product] ([ProductId], [ProductName], [CategoryId], [ListPrice], [Quantity], [ImageName]) VALUES (7, N'Inlet Intake', 1, CAST(499.00 AS Decimal(18, 2)), 6, N'Inlet intake240442552.png')
INSERT INTO [dbo].[Product] ([ProductId], [ProductName], [CategoryId], [ListPrice], [Quantity], [ImageName]) VALUES (8, N'Upgraded Fuel Pump', 1, CAST(249.00 AS Decimal(18, 2)), 14, N'Fuel Pump240538134.png')
INSERT INTO [dbo].[Product] ([ProductId], [ProductName], [CategoryId], [ListPrice], [Quantity], [ImageName]) VALUES (9, N'Intake Manifold', 1, CAST(399.00 AS Decimal(18, 2)), 8, N'intake manifold240627239.png')
INSERT INTO [dbo].[Product] ([ProductId], [ProductName], [CategoryId], [ListPrice], [Quantity], [ImageName]) VALUES (10, N'Valve Cover', 2, CAST(799.00 AS Decimal(18, 2)), 6, N'Valve Cover240756208.png')
INSERT INTO [dbo].[Product] ([ProductId], [ProductName], [CategoryId], [ListPrice], [Quantity], [ImageName]) VALUES (11, N'Fuel Injectors', 2, CAST(129.99 AS Decimal(18, 2)), 24, N'Injectors241025138.png')
INSERT INTO [dbo].[Product] ([ProductId], [ProductName], [CategoryId], [ListPrice], [Quantity], [ImageName]) VALUES (12, N'Intercooler', 2, CAST(299.99 AS Decimal(18, 2)), 8, N'intercooler241136548.png')
INSERT INTO [dbo].[Product] ([ProductId], [ProductName], [CategoryId], [ListPrice], [Quantity], [ImageName]) VALUES (13, N'Forged Pistons', 2, CAST(499.00 AS Decimal(18, 2)), 6, N'Forged Pistons241226776.png')
INSERT INTO [dbo].[Product] ([ProductId], [ProductName], [CategoryId], [ListPrice], [Quantity], [ImageName]) VALUES (14, N'Crystal Shift Knob', 3, CAST(249.99 AS Decimal(18, 2)), 6, N'Crystal shift Knob241333055.png')
INSERT INTO [dbo].[Product] ([ProductId], [ProductName], [CategoryId], [ListPrice], [Quantity], [ImageName]) VALUES (15, N'Crabon Steering Wheel', 3, CAST(1299.99 AS Decimal(18, 2)), 9, N'Carbon Steering wheel241626195.png')
INSERT INTO [dbo].[Product] ([ProductId], [ProductName], [CategoryId], [ListPrice], [Quantity], [ImageName]) VALUES (16, N'OEM Steering Wheel', 3, CAST(699.99 AS Decimal(18, 2)), 18, N'christian-velitchkov-EgiXtSFDFOc-unsplash245701959241728386.jpg')
INSERT INTO [dbo].[Product] ([ProductId], [ProductName], [CategoryId], [ListPrice], [Quantity], [ImageName]) VALUES (17, N'Carbon Interiors', 3, CAST(599.99 AS Decimal(18, 2)), 12, N'Carbon Interiors241835664.png')
INSERT INTO [dbo].[Product] ([ProductId], [ProductName], [CategoryId], [ListPrice], [Quantity], [ImageName]) VALUES (18, N'Ambient Light', 3, CAST(169.99 AS Decimal(18, 2)), 20, N'ambien lights241921217.png')
INSERT INTO [dbo].[Product] ([ProductId], [ProductName], [CategoryId], [ListPrice], [Quantity], [ImageName]) VALUES (19, N'Front Grill', 4, CAST(39.99 AS Decimal(18, 2)), 25, N'Grill242010748.png')
INSERT INTO [dbo].[Product] ([ProductId], [ProductName], [CategoryId], [ListPrice], [Quantity], [ImageName]) VALUES (20, N'Front Lip Spoiler', 4, CAST(129.99 AS Decimal(18, 2)), 19, N'Front lip242119691.png')
INSERT INTO [dbo].[Product] ([ProductId], [ProductName], [CategoryId], [ListPrice], [Quantity], [ImageName]) VALUES (21, N'M Body Kit', 1, CAST(999.99 AS Decimal(18, 2)), 12, N'M body kit242411640.png')
INSERT INTO [dbo].[Product] ([ProductId], [ProductName], [CategoryId], [ListPrice], [Quantity], [ImageName]) VALUES (22, N'M3 Carbon Hood', 4, CAST(499.99 AS Decimal(18, 2)), 16, N'M3 Hood242504505.png')
INSERT INTO [dbo].[Product] ([ProductId], [ProductName], [CategoryId], [ListPrice], [Quantity], [ImageName]) VALUES (23, N'M Front Bumper', 1, CAST(499.99 AS Decimal(18, 2)), 19, N'BMW M3242544551.jpg')
INSERT INTO [dbo].[Product] ([ProductId], [ProductName], [CategoryId], [ListPrice], [Quantity], [ImageName]) VALUES (24, N'Engine', 2, CAST(5999.99 AS Decimal(18, 2)), 4, N'bmw mainteinance242620948.jpg')
INSERT INTO [dbo].[Product] ([ProductId], [ProductName], [CategoryId], [ListPrice], [Quantity], [ImageName]) VALUES (25, N'Red Interior', 1, CAST(1299.99 AS Decimal(18, 2)), 8, N'bmw interior242701723.jpg')
INSERT INTO [dbo].[Product] ([ProductId], [ProductName], [CategoryId], [ListPrice], [Quantity], [ImageName]) VALUES (26, N'Rear Bumper', 4, CAST(399.99 AS Decimal(18, 2)), 15, N'Bmw Exterior242804248.jpg')
INSERT INTO [dbo].[Product] ([ProductId], [ProductName], [CategoryId], [ListPrice], [Quantity], [ImageName]) VALUES (27, N'Racing Wrap', 4, CAST(799.99 AS Decimal(18, 2)), 30, N'BMW M4242900729.jpg')
SET IDENTITY_INSERT [dbo].[Product] OFF

SET IDENTITY_INSERT [dbo].[Payment] ON
INSERT INTO [dbo].[Payment] ([PaymentId], [CustomerId], [PayAmount], [PayMethod], [PayDate]) VALUES (1, 1, CAST(1000.00 AS Decimal(18, 2)), N'Cash', N'2024-02-01 00:00:00')
INSERT INTO [dbo].[Payment] ([PaymentId], [CustomerId], [PayAmount], [PayMethod], [PayDate]) VALUES (2, 2, CAST(599.99 AS Decimal(18, 2)), N'Cash', N'2024-11-01 00:00:00')
INSERT INTO [dbo].[Payment] ([PaymentId], [CustomerId], [PayAmount], [PayMethod], [PayDate]) VALUES (3, 4, CAST(1299.99 AS Decimal(18, 2)), N'Bank Transferr', N'2024-10-28 00:00:00')
INSERT INTO [dbo].[Payment] ([PaymentId], [CustomerId], [PayAmount], [PayMethod], [PayDate]) VALUES (4, 5, CAST(249.99 AS Decimal(18, 2)), N'Card', N'2024-10-15 00:00:00')
INSERT INTO [dbo].[Payment] ([PaymentId], [CustomerId], [PayAmount], [PayMethod], [PayDate]) VALUES (5, 6, CAST(799.99 AS Decimal(18, 2)), N'Cash', N'2024-10-01 00:00:00')
SET IDENTITY_INSERT [dbo].[Payment] OFF

SET IDENTITY_INSERT [dbo].[Order] ON
INSERT INTO [dbo].[Order] ([OrderId], [CustomerId], [OrderStatus], [RequiredDate], [ShippedDate]) VALUES (1, 1, N'Sold', N'2024-01-01 00:00:00', N'2024-01-02 00:00:00')
INSERT INTO [dbo].[Order] ([OrderId], [CustomerId], [OrderStatus], [RequiredDate], [ShippedDate]) VALUES (2, 2, N'Sold', N'2024-11-01 00:00:00', N'2024-11-02 00:00:00')
INSERT INTO [dbo].[Order] ([OrderId], [CustomerId], [OrderStatus], [RequiredDate], [ShippedDate]) VALUES (3, 3, N'Pending', N'2024-11-02 00:00:00', N'2024-11-04 00:00:00')
INSERT INTO [dbo].[Order] ([OrderId], [CustomerId], [OrderStatus], [RequiredDate], [ShippedDate]) VALUES (4, 4, N'Delivered', N'2024-10-30 00:00:00', N'2024-11-01 00:00:00')
INSERT INTO [dbo].[Order] ([OrderId], [CustomerId], [OrderStatus], [RequiredDate], [ShippedDate]) VALUES (5, 5, N'Sold', N'2024-10-20 00:00:00', N'2024-10-25 00:00:00')
INSERT INTO [dbo].[Order] ([OrderId], [CustomerId], [OrderStatus], [RequiredDate], [ShippedDate]) VALUES (6, 6, N'Pending', N'2024-10-05 00:00:00', N'2024-10-08 00:00:00')
SET IDENTITY_INSERT [dbo].[Order] OFF

SET IDENTITY_INSERT [dbo].[Customer] ON
INSERT INTO [dbo].[Customer] ([CustomerID], [FirstName], [LastName], [Email], [Phone], [Street], [City], [Country], [PostCode]) VALUES (1, N'Mohammad', N'Sarker', N'media.kinariconz@gmail.com', N'0212812281', N'1286 New North Road, Avondale', N'Auckland', N'New Zealand', N'1026')
INSERT INTO [dbo].[Customer] ([CustomerID], [FirstName], [LastName], [Email], [Phone], [Street], [City], [Country], [PostCode]) VALUES (2, N'Mohammad', N'Rafi', N'tusrifulrafi@gmail.com', N'0274319797', N'4B Kelkrik Street', N'Kelston', N'New Zealand', N'0602')
INSERT INTO [dbo].[Customer] ([CustomerID], [FirstName], [LastName], [Email], [Phone], [Street], [City], [Country], [PostCode]) VALUES (3, N'Shiv', N'Naidu', N'shiv@gmail.com', N'02741332152', N'1286 New North Road, Avondale', N'Auckland', N'New Zealand', N'1026')
INSERT INTO [dbo].[Customer] ([CustomerID], [FirstName], [LastName], [Email], [Phone], [Street], [City], [Country], [PostCode]) VALUES (4, N'Ranodi', N'Atukorale', N'ranodi@gmail.com', N'0224946125', N'4B Kelkrik Street', N'Kelston', N'New Zealand', N'0602')
INSERT INTO [dbo].[Customer] ([CustomerID], [FirstName], [LastName], [Email], [Phone], [Street], [City], [Country], [PostCode]) VALUES (5, N'Simran', N'Chandra', N'simmy@yahoo.com', N'02151551221', N'85A Golf Road', N'Auckland', N'New Zealand', N'0600')
INSERT INTO [dbo].[Customer] ([CustomerID], [FirstName], [LastName], [Email], [Phone], [Street], [City], [Country], [PostCode]) VALUES (6, N'Nikhila', N'Juilian', N'nikhi@gmail.com', N'0212812281', N'112 New North Road, Avondale', N'Auckland', N'New Zealand', N'1026')
SET IDENTITY_INSERT [dbo].[Customer] OFF

SET IDENTITY_INSERT [dbo].[Category] ON
INSERT INTO [dbo].[Category] ([CategoryId], [CategoryName]) VALUES (1, N'Performance')
INSERT INTO [dbo].[Category] ([CategoryId], [CategoryName]) VALUES (2, N'Maintenance')
INSERT INTO [dbo].[Category] ([CategoryId], [CategoryName]) VALUES (3, N'Interior')
INSERT INTO [dbo].[Category] ([CategoryId], [CategoryName]) VALUES (4, N'Exterior')
SET IDENTITY_INSERT [dbo].[Category] OFF

SET IDENTITY_INSERT [dbo].[Cart] ON
INSERT INTO [dbo].[Cart] ([CartId], [ProductId], [CustomerId], [ListPrice], [Quantity]) VALUES (1, 7, 1, CAST(199.99 AS Decimal(18, 2)), 2)
INSERT INTO [dbo].[Cart] ([CartId], [ProductId], [CustomerId], [ListPrice], [Quantity]) VALUES (2, 8, 2, CAST(249.99 AS Decimal(18, 2)), 1)
INSERT INTO [dbo].[Cart] ([CartId], [ProductId], [CustomerId], [ListPrice], [Quantity]) VALUES (3, 6, 3, CAST(999.99 AS Decimal(18, 2)), 2)
INSERT INTO [dbo].[Cart] ([CartId], [ProductId], [CustomerId], [ListPrice], [Quantity]) VALUES (4, 5, 4, CAST(599.99 AS Decimal(18, 2)), 2)
INSERT INTO [dbo].[Cart] ([CartId], [ProductId], [CustomerId], [ListPrice], [Quantity]) VALUES (5, 12, 5, CAST(299.99 AS Decimal(18, 2)), 1)
INSERT INTO [dbo].[Cart] ([CartId], [ProductId], [CustomerId], [ListPrice], [Quantity]) VALUES (6, 18, 6, CAST(169.99 AS Decimal(18, 2)), 1)
SET IDENTITY_INSERT [dbo].[Cart] OFF

INSERT INTO [dbo].[AspNetUsers] ([Id], [UserName], [NormalizedUserName], [Email], [NormalizedEmail], [EmailConfirmed], [PasswordHash], [SecurityStamp], [ConcurrencyStamp], [PhoneNumber], [PhoneNumberConfirmed], [TwoFactorEnabled], [LockoutEnd], [LockoutEnabled], [AccessFailedCount], [FirstName], [LastName]) VALUES (N'1', N'admin@bimmerracing.com', N'ADMIN@BIMMERRACING.COM', N'admin@bimmerracing.com', N'ADMIN@BIMMERRACING.COM', 1, N'AQAAAAIAAYagAAAAEMYY9D6y2tPbE8n/o+TsHFkqjoXrFsjtsgmrnPFD2fC+rqzkkE4UpiLfTZktbjlQHg==', N'518297c1-fdde-434b-99b6-7cba5255583b', N'6e98a92a-8d7e-4f05-9184-caa3d55f827f', NULL, 0, 0, NULL, 0, 0, N'Admin', N'Rafi')
INSERT INTO [dbo].[AspNetUsers] ([Id], [UserName], [NormalizedUserName], [Email], [NormalizedEmail], [EmailConfirmed], [PasswordHash], [SecurityStamp], [ConcurrencyStamp], [PhoneNumber], [PhoneNumberConfirmed], [TwoFactorEnabled], [LockoutEnd], [LockoutEnabled], [AccessFailedCount], [FirstName], [LastName]) VALUES (N'22920ab8-a73d-4edb-800b-a246d773f7a6', N'ac119820@avcol.school.nz', N'AC119820@AVCOL.SCHOOL.NZ', N'ac119820@avcol.school.nz', N'AC119820@AVCOL.SCHOOL.NZ', 0, N'AQAAAAIAAYagAAAAEGt5alVbvNwyuKeKHMQe89dFELgQONQSc3ZVTfnUQOio6O+xs3rrhxKd0HzgxeCVag==', N'FKY6LTQCW3X4OXOJ6W6QTXBO5XRNTNKT', N'9d7d005a-6da5-4803-b1d0-9535cdeb0ba9', NULL, 0, 0, NULL, 1, 0, N'', N'')
INSERT INTO [dbo].[AspNetUsers] ([Id], [UserName], [NormalizedUserName], [Email], [NormalizedEmail], [EmailConfirmed], [PasswordHash], [SecurityStamp], [ConcurrencyStamp], [PhoneNumber], [PhoneNumberConfirmed], [TwoFactorEnabled], [LockoutEnd], [LockoutEnabled], [AccessFailedCount], [FirstName], [LastName]) VALUES (N'522c498d-e8e5-49c5-9a27-2918dd940064', N'naidu@gmail.com', N'NAIDU@GMAIL.COM', N'naidu@gmail.com', N'NAIDU@GMAIL.COM', 0, N'AQAAAAIAAYagAAAAEIsnektdi8lbVela6V3Xru2ScjMWDxfmi2gT0NzZBKEIzSvK2X/sESk41HvH+HVr/Q==', N'67C3NROGXE3HYSZZPXTJPFYQM24GEEUA', N'5c5281b7-e7a1-44f1-95c6-98409613d406', NULL, 0, 0, NULL, 1, 0, N'shiv', N'naidu')
INSERT INTO [dbo].[AspNetUsers] ([Id], [UserName], [NormalizedUserName], [Email], [NormalizedEmail], [EmailConfirmed], [PasswordHash], [SecurityStamp], [ConcurrencyStamp], [PhoneNumber], [PhoneNumberConfirmed], [TwoFactorEnabled], [LockoutEnd], [LockoutEnabled], [AccessFailedCount], [FirstName], [LastName]) VALUES (N'ebf5265f-c19f-4920-b6ea-110f67624d8a', N'rafi@gmail.com', N'RAFI@GMAIL.COM', N'rafi@gmail.com', N'RAFI@GMAIL.COM', 0, N'AQAAAAIAAYagAAAAEC37B3pHp895LfdrddDPCwTF9XQAKEb8AvpDAWsjySV2EPyVz7NGEQYUCM4tHzD+IQ==', N'EKHCRA3L3QON4RDCZEEMIV4HU4AQCL4R', N'58e63ad7-e5fc-4e69-86c4-2fc6a66512ea', NULL, 0, 0, NULL, 1, 0, N'', N'')

INSERT INTO [dbo].[AspNetUserRoles] ([UserId], [RoleId]) VALUES (N'1', N'1')
INSERT INTO [dbo].[AspNetUserRoles] ([UserId], [RoleId]) VALUES (N'22920ab8-a73d-4edb-800b-a246d773f7a6', N'1')
